"","Name","Address","City","State","Zip","Phone_Number"
"1","SUPERMERCADO GUERITO","454 S CARLISLE ST","SOUTH BEND","IN","46619","(574) 234-7170"
"2","INN ON HISTORIC W WASHINGTON","322 W WASHINGTON ST","SOUTH BEND","IN","46601","(574) 288-4089"
"3","LET'S SPOON FROZEN YOGURT / CL","1290 E IRELAND RD","SOUTH BEND","IN","46614","(574) 243-5847"
"4","R & J QUICK MART","1956 E EWING AVE","SOUTH BEND","IN","46613","(574) 282-1133"
"5","THE EXCHANGE","112 W JEFFERSON BLVD","SOUTH BEND","IN","46601","(574) 310-8999"
"6","JEANNIES WHITE HOUSE LLC","1444 MISHAWAKA AVE","SOUTH BEND","IN","46615","(574) 855-4423"
"7","LANE'S DAIRY QUEEN BRAZIER","2015 SOUTH BEND AVE","SOUTH BEND","IN","46637","(574) 271-1102"
"8","FRIENDS FOOD MART INC - DBA","3601 W WESTERN AVE","SOUTH BEND","IN","46619","(574) 233-0099"
"9","THE LOUVERED DOOR","1622 W WESTERN AVE","SOUTH BEND","IN","46619","(574) 237-9170"
"10","YUMMY CUPCAKES","119 S MICHIGAN ST","SOUTH BEND","IN","46601","(574) 289-8669"
"11","NEVERIA TRES MANGOS DE MICHOAC","2102 W WESTERN AVE","SOUTH BEND","IN","46619","(708) 224-3140"
"12","CANTEEN VENDING - DONT USE","4402 TECHNOLOGY DR","SOUTH BEND","IN","46628","(800) 234-7650"
"13","THYME OF GRACE","2714 MISHAWAKA AVE","SOUTH BEND","IN","46615","(574) 288-0552"
"14","AMER. LEGION PULASKI POST 357","5414 W SAMPLE ST","SOUTH BEND","IN","46619","(574) 234-5073"
"15","BURGER KING #7055","2171 SOUTH BEND AVE","SOUTH BEND","IN","46637","(574) 273-2220"
"16","ONE STOP #1","209 W SAMPLE ST","SOUTH BEND","IN","46601","(574) 246-9740"
"17","ELEVEN-FORTY CAFE","1140 W WESTERN AVE","SOUTH BEND","IN","46619","(574) 233-1680"
"18","BURGER KING #6574","4852 W WESTERN AVE","SOUTH BEND","IN","46619-2308","(574) 232-3622"
"19","BURGER KING #3722","121 W LASALLE AVE","SOUTH BEND","IN","46601","(574) 233-8651"
"20","LOW BOBS EXPRESS","4505 AMERITECH DR","SOUTH BEND","IN","46628","(574) 243-5392"
"21","ST VINCENT DE PAUL SOCIETY OF","520 CRESCENT AVE","SOUTH BEND","IN","46617","(574) 234-6000"
"22","FARMER'S MARKET CAFE","1105 NORTHSIDE BLVD","SOUTH BEND","IN","46615","(574) 282-1259"
"23","LA MAREA BAR","3401 W WESTERN AVE","SOUTH BEND","IN","46619","(574) 329-2055"
"24","TOM & LIN'S KITCHENETTE","2221 S MICHIGAN ST","SOUTH BEND","IN","46613","(574) 289-1513"
"25","FRICK'S DAIRY QUEEN","3907 S MICHIGAN ST","SOUTH BEND","IN","46614","(574) 291-2330"
"26","MARTIN'S SUPER MARKETS #11","926 ERSKINE PLZ","SOUTH BEND","IN","46614","(574) 291-3571"
"27","PROVIDENT MINISTRIES, LTD","3402 S LOCUST RD","SOUTH BEND","IN","46614","(574) 968-1566"
"28","LIFE TREATMENT CENTERS","1402 S MICHIGAN ST","SOUTH BEND","IN","46628","(574) 233-5433"
"29","MC DONALD'S 4584","1519 N IRONWOOD DR","SOUTH BEND","IN","46635","(574) 277-0193"
"30","SUPER 8 MOTEL","4124 AMERITECH DR","SOUTH BEND","IN","46628","(574) 243-0200"
"31","EAST BANK EMPORIUM","121 S NILES AVE","SOUTH BEND","IN","46601","(574) 234-9000"
"32","REAL SERVICES, INC.","121 GARST ST","SOUTH BEND","IN","46634","(574) 256-1649"
"33","MC DONALD'S 3597","4711 MIAMI ST","SOUTH BEND","IN","46614","(574) 291-8838"
"34","GARDEN WOK","919 N BENDIX DR","SOUTH BEND","IN","46628","(574) 287-6633"
"35","ELIA'S INC","2128 SOUTH BEND AVE","SOUTH BEND","IN","46637","(574) 277-7239"
"36","SPEEDWAY #6620","1706 SOUTH BEND AVE","SOUTH BEND","IN","46635","(574) 271-8385"
"37","HACIENDA MEXICAN RESTAURANT","4650 MIAMI ST","SOUTH BEND","IN","46614","(574) 291-2566"
"38","CJ'S PUB","236 S MICHIGAN ST","SOUTH BEND","IN","46601","(574) 233-5981"
"39","KFC #183","5011 W WESTERN AVE","SOUTH BEND","IN","46601","(574) 287-7676"
"40","SAINT JOHN THE BAPTIST CATHOLI","3616 SAINT JOHNS WAY","SOUTH BEND","IN","46628","(574) 232-9849"
"41","KFC #182","4207 S MICHIGAN ST","SOUTH BEND","IN","46614","(574) 291-0083"
"42","LITTLE CAESARS PIZZA","4329 W WESTERN AVE","SOUTH BEND","IN","46619","(574) 855-3654"
"43","BILL'S PLACE RESTAURANT","2105 W WESTERN AVE","SOUTH BEND","IN","46619","(574) 282-2002"
"44","MC DONALD'S 25100","3402 PORTAGE AVE","SOUTH BEND","IN","46628","(574) 273-4907"
"45","LA ESPERANZA, LLC","1636 N IRONWOOD DR","SOUTH BEND","IN","46637","(574) 273-0345"
"46","GREEN STAR CAFE","1605 MIAMI ST","SOUTH BEND","IN","46613-2817","(574) 287-9606"
"47","BOB'S PUB/RETO, INC","1406 PORTAGE AVE","SOUTH BEND","IN","46616","(574) 233-0635"
"48","ANGELOS FAMILY RESTAURANT","4301 S MICHIGAN ST","SOUTH BEND","IN","46614","(574) 299-9614"
"49","KNIGHTS OF COLUMBUS #5570","5202 LINDEN AVE","SOUTH BEND","IN","46628","(574) 233-9717"
"50","EINSTEIN BROS. BAGELS","2019 SOUTH BEND AVE","SOUTH BEND","IN","46637","(574) 272-2622"
"51","FAITH BAPTIST CHURCH OF S.B.","1002 BLAINE AVE","SOUTH BEND","IN","46616","(574) 233-6428"
"52","I & M DELI","702 LINCOLN WAY E","SOUTH BEND","IN","46601-3223","(574) 232-6341"
"53","MAXI'S FOOD & SPIRITS","114 W IRELAND RD","SOUTH BEND","IN","46614","(574) 291-9181"
"54","MY PLACE ENTERPRISES","1509 PORTAGE AVE","SOUTH BEND","IN","46616","(574) 233-0157"
"55","SUBWAY OF SOUTH BEND V, INC","113 W WASHINGTON ST","SOUTH BEND","IN","46601","(574) 289-1288"
"56","7-ELEVEN #32587","901 S MAYFLOWER RD","SOUTH BEND","IN","46615","(574) 287-8814"
"57","LB FOOD MART INC.","1623 LINCOLN WAY W","SOUTH BEND","IN","46628-2615","(574) 233-4168"
"58","DAINTY MAID BAKE SHOP, INC","231 S MICHIGAN ST","SOUTH BEND","IN","46601","(574) 232-8219"
"59","MANDARIN HOUSE RESTAURANT","2104 EDISON RD","SOUTH BEND","IN","46615","(572) 287-4414"
"60","LINCOLNWAY MINI MART INC.","705 LINCOLN WAY W","SOUTH BEND","IN","46616-1123","(574) 288-5030"
"61","LONG JOHN SILVER'S #43","319 N HICKORY RD","SOUTH BEND","IN","46615-3303","(574) 288-6847"
"62","LOCOS MEXICAN RESTAURANT","3801 W WESTERN AVE","SOUTH BEND","IN","46619","(574) 287-0020"
"63","KFC","3924 PORTAGE AVE","SOUTH BEND","IN","46628","(269) 683-8666"
"64","CORBY'S LOUNGE, INC","441 E LASALLE AVE","SOUTH BEND","IN","46601","(574) 233-5326"
"65","M R FALCON'S","3212 KELLER ST","SOUTH BEND","IN","46628","(574) 288-1090"
"66","MCCLURE OIL #50","2304 EDISON RD","SOUTH BEND","IN","46615","(765) 677-9021"
"67","SUBWAY OF SOUTH BEND VI, INC","135 E IRELAND RD","SOUTH BEND","IN","46614","(574) 299-8306"
"68","JEANNIE'S TAVERN","621 S BENDIX DR","SOUTH BEND","IN","46619","(574) 288-2962"
"69","SUBWAY OF SOUTH BEND VII, INC","3701 PORTAGE AVE","SOUTH BEND","IN","46628","(574) 271-6807"
"70","AKASHDEEP PETROLEUM INC. DBA A","2130 MISHAWAKA AVE","SOUTH BEND","IN","46615-1625","(574) 234-8444"
"71","JAMBA JUICE","1234 N EDDY ST","SOUTH BEND","IN","46617","(574) 232-0970"
"72","HOLY CROSS SCHOOL","1020 WILBER ST","SOUTH BEND","IN","46628","(574) 233-2179"
"73","SUBWAY OF SOUTH BEND IX, INC","5316 W WESTERN AVE","SOUTH BEND","IN","46614","(574) 234-4338"
"74","CHIPOTLE MEXICAN GRILL","1251 N EDDY ST","SOUTH BEND","IN","46617","(303) 390-5621"
"75","BARNABY'S","713 E JEFFERSON BLVD","SOUTH BEND","IN","46617","(574) 288-4981"
"76","SUBWAY","3301 LINCOLN WAY W","SOUTH BEND","IN","46628","(574) 855-1449"
"77","POTAWATOMI POOL CONCESSION","2000 WALL ST","SOUTH BEND","IN","46615","(574) 235-9438"
"78","KING GYROS OF SOUTH BEND","5105 W WESTERN AVE","SOUTH BEND","IN","46619","(574) 288-7010"
"79","SHRIMP MAX OF SOUTH BEND INC","4712 W WESTERN AVE","SOUTH BEND","IN","46619-2306","(574) 234-6666"
"80","SOUTHSIDE CHRISTIAN CHURCH","1329 E JACKSON RD","SOUTH BEND","IN","46614","(574) 292-1156"
"81","PENTECOSTAL CATHEDRAL CHURCH","1025 W WESTERN AVE","SOUTH BEND","IN","46601-2751","(574) 232-4253"
"82","J W CHEN'S CHINESE CUISINE","1835 SOUTH BEND AVE","SOUTH BEND","IN","46637-5637","(574) 271-2777"
"83","ARBY'S ROAST BEEF #1157","3425 LINCOLN WAY W","SOUTH BEND","IN","46628-1454","(574) 233-5592"
"84","CLUB LANDING","1717 LINCOLN WAY E","SOUTH BEND","IN","46613-3420","(574) 289-4122"
"85","CORPUS CHRISTI CHURCH","2822 CORPUS CHRISTI DR","SOUTH BEND","IN","46628","(574) 272-9982"
"87","BRUNO'S ORIGINAL PIZZA","2610 PRAIRIE AVE","SOUTH BEND","IN","46614","(574) 288-3320"
"88","SAINT JOSEPH SCHOOL","216 N HILL ST","SOUTH BEND","IN","46617","(574) 234-0451"
"89","WENDY'S #563","4227 S MICHIGAN ST","SOUTH BEND","IN","46614","(574) 291-6171"
"90","CAPONE'S","2018 W WESTERN AVE","SOUTH BEND","IN","46619","(574) 307-3138"
"91","JOHN ADAMS HIGH SCHOOL","808 S TWYCKENHAM DR","SOUTH BEND","IN","46624","(574) 283-7724"
"92","JIMMY JOHNS","3600 PORTAGE AVE","SOUTH BEND","IN","46628","(574) 273-8000"
"93","BROWN INTERMEDIATE SCHOOL","737 BEALE ST","SOUTH BEND","IN","46616","(574) 284-1206"
"94","COQUILLARD PRIMARY CENTER","1245 N SHERIDAN ST","SOUTH BEND","IN","46628","(574) 283-8617"
"95","SUBWAY","1615 PORTAGE AVE","SOUTH BEND","IN","46616","(574) 289-0000"
"96","DICKINSON FINE ARTS ACADEMY","4404 ELWOOD AVE","SOUTH BEND","IN","46624","(574) 283-7634"
"97","DAVE'S PUB","3013 MISHAWAKA AVE","SOUTH BEND","IN","46615","(574) 237-9195"
"98","JACKSON INTERMEDIATE SCHOOL","5001 MIAMI ST","SOUTH BEND","IN","46614","(574) 231-5654"
"99","7-ELEVEN #32573B","501 E LASALLE AVE","SOUTH BEND","IN","46617","(574) 234-5221"
"100","MINI MART","3227 W SAMPLE ST","SOUTH BEND","IN","46619","(574) 288-7790"
"101","JEFFERSON INTERMEDIATE SCHOOL","528 S EDDY ST","SOUTH BEND","IN","46617","(574) 283-8726"
"103","LAFAYETTE TRADITIONAL SCHOOL","245 N LOMBARDY DR","SOUTH BEND","IN","46624","(574) 283-8657"
"104","BENDIX FAMILY RESTAURANT","4920 W WESTERN AVE","SOUTH BEND","IN","46601","(574) 287-3037"
"106","MADISON PRIMARY SCHOOL","832 N LAFAYETTE BLVD","SOUTH BEND","IN","46601","(574) 283-5352"
"107","PILOT TRAVEL CENTER #035","6424 W BRICK RD","SOUTH BEND","IN","46628","(865) 588-7488"
"108","CAREER ACADEMY SOUTH BEND","3801 CRESCENT CIR","SOUTH BEND","IN","46628","(574) 299-9800"
"109","MARQUETTE MONTESSORI SCHOOL","1818 BERGAN ST","SOUTH BEND","IN","46628","(574) 283-8397"
"110","THE ORIGINAL PANCAKE HOUSE","1430 N IRONWOOD DR","SOUTH BEND","IN","46635","(574) 232-3220"
"112","MARSHALL INTERMEDIATE SCHOOL","1433 BYRON DR","SOUTH BEND","IN","46614","(574) 231-5827"
"113","ROCCO'S RESTAURANT","537 N SAINT LOUIS BLVD","SOUTH BEND","IN","46617","(574) 233-2464"
"115","O G CHINESE RESTAURANT","1341 PORTAGE AVE","SOUTH BEND","IN","46680","(574) 289-8899"
"116","MICHIANA VESUVIOS","117 E WAYNE ST","SOUTH BEND","IN","46601","(574) 234-2183"
"117","7-ELEVEN #18316","1827 MIAMI ST","SOUTH BEND","IN","46613","(574) 232-0707"
"119","SAINT JOSEPH COUNTY JAIL","401 W SAMPLE ST","SOUTH BEND","IN","46601","(574) 245-6508"
"120","LINDEN GRILL","4333 W WESTERN AVE","SOUTH BEND","IN","46619-2614","(574) 246-0250"
"121","SAINT JOSEPH COUNTY JUVENILE J","1000 S MICHIGAN ST","SOUTH BEND","IN","46601","(574) 235-5402"
"122","INTERFAITH CHRISTIAN UNION","702 LINCOLN WAY W","SOUTH BEND","IN","46616-1122","(574) 287-4700"
"123","PALACIO TROPICAL","2012 W WESTERN AVE","SOUTH BEND","IN","46619","(574) 288-9074"
"124","SAYLOR'S PIZZA","1725 S MICHIGAN ST","SOUTH BEND","IN","46613","(574) 233-5935"
"126","RALLY'S","2021 S MICHIGAN ST","SOUTH BEND","IN","46613","(574) 234-3407"
"127","PIZZA HUT","5113 W WESTERN AVE","SOUTH BEND","IN","46619","(506) 328-4631"
"128","SUNNY ITALY CAFE","601 N NILES AVE","SOUTH BEND","IN","46617","(574) 262-9620"
"130","SOUTH BEND CHRIST TEMPLE COGIC","1212 S MICHIGAN ST","SOUTH BEND","IN","46601","(574) 233-9033"
"131","ORIENTAL EXPRESS","1229 E IRELAND RD","SOUTH BEND","IN","46614-3448","(574) 291-5588"
"132","ARBY'S ROAST BEEF #677","1807 LINCOLN WAY E","SOUTH BEND","IN","46613-3422","(574) 299-6487"
"133","MIDWEST KOSHER & DELI","560 W IRELAND RD","SOUTH BEND","IN","46614","(757) 450-7540"
"134","CAFE NAVARRE","101 N MICHIGAN ST","SOUTH BEND","IN","46601","(574) 968-8101"
"135","NICK'S PATIO RESTAURANT","1710 N IRONWOOD DR","SOUTH BEND","IN","46635","(574) 277-7400"
"136","ICHIBAN GOLDEN DRAGON","1733 SOUTH BEND AVE","SOUTH BEND","IN","46637","(574) 271-8899"
"137","POPEYE'S LOUISIANA KITCHEN","2605 LINCOLN WAY W","SOUTH BEND","IN","46628-1937","(574) 232-0000"
"138","POP STYLE","225 S MICHIGAN ST","SOUTH BEND","IN","46601","(574) 232-7895"
"139","KELLY'S PETROLEUM","3301 PORTAGE AVE","SOUTH BEND","IN","46628","(574) 849-2999"
"140","EUREST HONEYWELL","3520 WESTMOOR ST","SOUTH BEND","IN","46628-1373","(574) 231-2517"
"141","GREATER ST JOHN MISSIONARY","101 N ADAMS ST","SOUTH BEND","IN","46628","(574) 232-6700"
"143","FAITH UNITED METHODIST CHURCH","802 E EWING AVE","SOUTH BEND","IN","46613","(574) 288-1777"
"145","AIR HOST RESTAURANT & LOUNGE","4667 PROGRESS DR","SOUTH BEND","IN","46628","(574) 289-8786"
"146","MORRIS PARK COUNTRY CLUB","2200 MCKINLEY AVE","SOUTH BEND","IN","46615","(574) 233-9474"
"147","TORCH LOUNGE, INC","1817 S MICHIGAN ST","SOUTH BEND","IN","46613","(574) 234-6863"
"148","DISMAS HOUSE OF SOUTH BEND","521 S SAINT JOSEPH ST","SOUTH BEND","IN","46601","(574) 233-8522"
"149","GREATER HOLY TEMPLE C.O.G.I.C.","710 NAPOLEON ST","SOUTH BEND","IN","46617","(574) 234-2351"
"150","WESTSIDE DEMOCRATIC CLUB","617 S WARREN ST","SOUTH BEND","IN","46619","(574) 287-4091"
"151","PEACHES, INC","1811 S MICHIGAN ST","SOUTH BEND","IN","46613","(574) 287-6933"
"152","SPEEDWAY #6636","1110 E IRELAND RD","SOUTH BEND","IN","46614","(574) 291-0395"
"153","OLIVER INN","630 W WASHINGTON ST","SOUTH BEND","IN","46601","(574) 232-4545"
"154","SUMMIT CLUB OF S.B., INC.","211 W WASHINGTON ST","SOUTH BEND","IN","46601","(574) 232-3081"
"155","VICTORY BAR INC","907 S MICHIGAN ST","SOUTH BEND","IN","46601","(574) 289-5212"
"156","PAPA JOHN'S #1","1827 SOUTH BEND AVE","SOUTH BEND","IN","46637-5637","(574) 271-1177"
"157","V.F.W. GOLDEN HILL POST 8748","718 JOHNSON ST","SOUTH BEND","IN","46628","(574) 232-2787"
"159","TGI FRIDAY'S #2272","1240 E IRELAND RD","SOUTH BEND","IN","46614","(574) 291-9070"
"160","EVANGELICAL COVENANT CHURCH","3025 EDISON RD","SOUTH BEND","IN","46615","(574) 234-5619"
"161","SAINT CASIMIR CATHOLIC CHURCH","1308 DUNHAM ST","SOUTH BEND","IN","46619","(574) 287-9551"
"162","JENNY'S BAKERY","740 S WALNUT ST","SOUTH BEND","IN","46619","(574) 283-0211"
"163","SOUTH BEND MAENNERCHOR CLUB","219 SYCAMORE ST","SOUTH BEND","IN","46617","(574) 288-9343"
"165","BURGER DAIRY","4023 W SAMPLE ST","SOUTH BEND","IN","46637","(574) 288-0507"
"166","TACO BELL OF AMERICA LLC #1739","231 E IRELAND RD","SOUTH BEND","IN","46614","(317) 596-3260"
"167","THE VIEW TAVERN","515 E JEFFERSON BLVD","SOUTH BEND","IN","46601","(574) 288-8439"
"168","EDDY STREET FOOD MART","334 N EDDY ST","SOUTH BEND","IN","46617-2301","(574) 387-5457"
"169","INDULGENCE PASTRY SHOP & CAFE","3622 EDISON RD","SOUTH BEND","IN","46615-3716","(574) 232-2955"
"170","BREADSMITH","2022 SOUTH BEND AVE","SOUTH BEND","IN","46637","(574) 273-9130"
"171","SOUTHEAST LITTLE LEAGUE","455 S JACKSON ST","SOUTH BEND","IN","46614","(574) 231-9625"
"172","NANDI CORP.  DBA 7-ELEVEN, INC","1233 N EDDY ST","SOUTH BEND","IN","46617","(574) 234-2571"
"174","PARISI'S RESTAURANT","1412 SOUTH BEND AVE","SOUTH BEND","IN","46617","(574) 232-4244"
"175","J J FISH-DO NOT USE","2324 LINCOLN WAY W","SOUTH BEND","IN","46628-2516","(574) 234-3660"
"176","BREAD OF LIFE FREE FOOD KITCHE","2406 MISHAWAKA AVE","SOUTH BEND","IN","46615","(574) 327-5578"
"177","HOOSIER TAP & GRILLE","718 W INDIANA AVE","SOUTH BEND","IN","46613","(574) 289-4318"
"178","THE WELL @ RIVER PARK GRACE","2410 MISHAWAKA AVE","SOUTH BEND","IN","46615","(574) 387-2410"
"179","PEDRO'S FAMILY RESTAURNT","3314 PORTAGE AVE","SOUTH BEND","IN","46628","(574) 273-3124"
"180","NUEVA VIDA","2013 FORD ST","SOUTH BEND","IN","46619","(574) 339-8332"
"182","HOWARD PARK ICE RINK","219 S SAINT LOUIS BLVD","SOUTH BEND","IN","46617","(574) 235-9451"
"183","PROFESSIONAL SPORTS CATERING","501 W SOUTH ST","SOUTH BEND","IN","46601","(574) 367-2513"
"184","MIAMI STOP AND GO","1914 MIAMI ST","SOUTH BEND","IN","46601","(574) 288-5222"
"185","KWIK MART","2603 S MICHIGAN ST","SOUTH BEND","IN","46614","(574) 289-1860"
"187","PITTS BBQ","1526 MISHAWAKA AVE","SOUTH BEND","IN","46615","(574) 232-0667"
"188","ECONOMY INN","3233 LINCOLN WAY W","SOUTH BEND","IN","46628-1450","(574) 232-9019"
"189","EDIBLE ARRANGEMENTS","123 S MICHIGAN ST","SOUTH BEND","IN","46601","(574) 234-8182"
"190","TOSCANA PIZZA & PASTA","1724 N IRONWOOD DR","SOUTH BEND","IN","46635","(574) 247-7010"
"191","THE FRIENDLY CONFINES","1502 DUNHAM ST","SOUTH BEND","IN","46619","(574) 294-8866"
"192","KNIGHTS OF COLUMBUS #553","553 E WASHINGTON ST","SOUTH BEND","IN","46617","(574) 234-9800"
"193","THE LANDING CATERING","2801 S MICHIGAN ST","SOUTH BEND","IN","46614","(574) 299-9126"
"194","7-ELEVEN #27054","2207 MISHAWAKA AVE","SOUTH BEND","IN","46615","(574) 232-1797"
"195","WOOCHI JAPANESE FUSION & BAR","123 W WASHINGTON ST","SOUTH BEND","IN","46601","(574) 289-2222"
"197","DONNALEE'S","701 W INDIANA AVE","SOUTH BEND","IN","46613","(574) 237-9811"
"198","HONKER'S RESTAURANT","3939 S MICHIGAN ST","SOUTH BEND","IN","46614","(574) 291-2115"
"199","POLITO'S ITALIAN RESTAURANT","401 N HICKORY RD","SOUTH BEND","IN","46615","(574) 243-5385"
"200","IN YER FACE BBQ","1418 N ELMER ST","SOUTH BEND","IN","46628","(574) 229-7401"
"201","GRACE UNITED METH. CHURCH","3012 S TWYCKENHAM DR","SOUTH BEND","IN","46614-2118","(574) 288-4789"
"202","DOMINO'S PIZZA","1627 EDISON RD","SOUTH BEND","IN","46637","(574) 271-0300"
"203","ALLIE'S AMERICAN GRILL","123 N SAINT JOSEPH ST","SOUTH BEND","IN","46601","(574) 234-2000"
"204","MONROE PRIMARY SCHOOL","312 DONMOYER AVE","SOUTH BEND","IN","46614","(574) 231-5837"
"205","PERLEY FINE ARTS SCHOOL","740 N EDDY ST","SOUTH BEND","IN","46617","(574) 283-8741"
"206","HOLINESS CHURCH OF GOD","1635 LINDEN AVE","SOUTH BEND","IN","46628","(574) 232-1704"
"209","JAVIER'S BISTRO","2007 MIAMI ST","SOUTH BEND","IN","46614","(574) 222-2917"
"210","FALCON EXPRESS","3417 W WESTERN AVE","SOUTH BEND","IN","46619","(574) 855-1429"
"211","GOLDEN DRAGON CHINESE REST","3302 PORTAGE AVE","SOUTH BEND","IN","46628","(574) 243-8800"
"213","PRIYA & LUCKY","5307 W WESTERN AVE","SOUTH BEND","IN","46619","(574) 288-6009"
"214","ROSALES PLAZA","2812 W WESTERN AVE","SOUTH BEND","IN","46619","(574) 326-9796"
"216","REIN JUICERY","2036 SOUTH BEND AVE","SOUTH BEND","IN","46637","(574) 520-1874"
"217","RIVER CITY CAFE","321 E WALTER ST","SOUTH BEND","IN","46614","(574) 299-4768"
"218","PURPLE PORCH CO-OP, INC","123 N HILL ST","SOUTH BEND","IN","46617","(574) 287-6724"
"221","SOUTH BEND BREW WERKS","216 S MICHIGAN ST","SOUTH BEND","IN","46601","(574) 334-0356"
"222","TORTILLERIA EL SOL","2521 W WESTERN AVE","SOUTH BEND","IN","46619","(574) 340-9933"
"224","MITCH'S SECOND BASE SPORTS BAR","4407 S IRONWOOD DR","SOUTH BEND","IN","46614","(574) 532-7022"
"225","BORDER'S DAIRY QUEEN","1847 LINCOLN WAY E","SOUTH BEND","IN","46613-3422","(574) 287-3952"
"226","HOPE MINISTRIES","432 S LAFAYETTE BLVD","SOUTH BEND","IN","46601","(574) 235-4150"
"228","KROGER J-903","1217 E IRELAND RD","SOUTH BEND","IN","46614-3448","(574) 291-0666"
"229","LONG JOHN SILVER'S #40","4949 W WESTERN AVE","SOUTH BEND","IN","46601","(812) 482-3212"
"230","BURGER KING # 8448","3403 PORTAGE AVE","SOUTH BEND","IN","46628","(574) 277-4600"
"231","SOUTH BEND CHOCOLATE CO.","122 S MICHIGAN ST","SOUTH BEND","IN","46601","(574) 233-2577"
"232","FRANK'S PLACE","327 W MARION ST","SOUTH BEND","IN","46601-1148","(574) 232-2277"
"233","BAKER'S DOZEN BAKESHOP","2909 W SAMPLE ST","SOUTH BEND","IN","46619","(574) 289-9559"
"235","CATERING BY BILLIE","407 S EDDY ST","SOUTH BEND","IN","46617","(574) 234-3663"
"236","GOOD SHEPHERD LUTHERAN CHURCH","1021 MANCHESTER DR","SOUTH BEND","IN","46615","(574) 232-9418"
"237","SOUTH SIDE FOOD MART","1637 KEMBLE AVE","SOUTH BEND","IN","46613","(574) 222-2372"
"238","MC DONALD'S 3206","5021 W WESTERN AVE","SOUTH BEND","IN","46601","(574) 400-0775"
"240","KING'S EXPRESS","3601 EDISON RD","SOUTH BEND","IN","46615","(574) 271-8811"
"241","MC DONALD'S 2982","3221 LINCOLN WAY W","SOUTH BEND","IN","46628-1450","(574) 400-0775"
"243","LACOPOS PIZZERIA","3004 ARDMORE TRL","SOUTH BEND","IN","46628-1927","(574) 233-5331"
"245","RILEY HIGH SCHOOL","1902 FELLOWS ST","SOUTH BEND","IN","46613","(574) 283-8541"
"246","LEEPER PARK TENNIS CENTER","837 N LAFAYETTE BLVD","SOUTH BEND","IN","46601","(574) 235-9405"
"248","GOODWILL INDUSTRIES OF MICHIAN","1805 W WESTERN AVE","SOUTH BEND","IN","46619","(574) 472-7300"
"249","FIRST BAPTIST CHURCH OF S.B.","3010 S IRONWOOD DR","SOUTH BEND","IN","46614","(574) 294-4141"
"254","MACRI'S BAKERY & DELI","214 N NILES AVE","SOUTH BEND","IN","46617","(574) 282-1010"
"255","CHRIST TEMPLE APOSTOLIC SOUP K","2307 ELWOOD AVE","SOUTH BEND","IN","46628","(574) 233-3892"
"256","DUCOMB CENTER","4161 LATHROP ST","SOUTH BEND","IN","46628","(574) 236-2137"
"258","LE PEEP","127 S MICHIGAN ST","SOUTH BEND","IN","46601","(574) 288-7337"
"259","AMERICAN LEGION POST 303","2503 MISHAWAKA AVE","SOUTH BEND","IN","46615","(574) 287-0057"
"262","MEJORANDO TU FIGURA","1110 W WESTERN AVE","SOUTH BEND","IN","46601","(574) 261-1585"
"263","KITCHEN SKATE PARK","3300 W SAMPLE ST","SOUTH BEND","IN","46619","(574) 217-8986"
"265","APPLEBEE'S NEIGHBORHOOD BAR &","3703 PORTAGE AVE","SOUTH BEND","IN","46628","(574) 277-2640"
"266","BURGER KING #6622","1113 E IRELAND RD","SOUTH BEND","IN","46614","(574) 291-4300"
"267","MANGO CAFE LLC.","1740 SOUTH BEND AVE","SOUTH BEND","IN","46637","(574) 607-1877"
"268","BYERS SOFTBALL COMPLEX","1300 S MAYFLOWER RD","SOUTH BEND","IN","46619","(574) 282-1449"
"271","BOOTLEG'ERS","1302 FORD ST","SOUTH BEND","IN","46619","(574) 234-0744"
"272","LA ROSITA","2909 W WESTERN AVE","SOUTH BEND","IN","46619","(574) 246-0445"
"273","BIG ED'S AND ANGIE'S","2227 FRANKLIN ST","SOUTH BEND","IN","46613","(574) 232-3444"
"276","IMMANUEL UNITED METHODIST","1211 W EWING AVE","SOUTH BEND","IN","46613","(574) 000-0000"
"278","OUR LADY OF HUNGARY SCHOOL","735 W CALVERT ST","SOUTH BEND","IN","46613","(574) 287-1700"
"280","SAINT MATTHEW CATHEDRAL SCHOOL","1015 E DAYTON ST","SOUTH BEND","IN","46613","(574) 289-4535"
"282","PAPA JOHN'S #5","928 S MAYFLOWER RD","SOUTH BEND","IN","46619","(502) 935-6329"
"283","KENNEDY PRIMARY ACADEMY","609 N OLIVE ST","SOUTH BEND","IN","46624","(574) 283-7463"
"285","PAPA JOHN'S #2","1811 S IRONWOOD DR","SOUTH BEND","IN","46614","(574) 233-7272"
"287","SIMERI'S OLD TOWN TAP INC","1505 W INDIANA AVE","SOUTH BEND","IN","46613","(574) 289-1361"
"288","BELIEVERS C.O.G.I.C.","2049 PRAIRIE AVE","SOUTH BEND","IN","46613","(574) 233-3353"
"291","LASALLE GRILL","115 W COLFAX AVE","SOUTH BEND","IN","46601","(574) 288-1155"
"297","MC DONALD'S 6097","1850 LINCOLN WAY E","SOUTH BEND","IN","46613-3423","(574) 287-9843"
"298","FIRST BRETHREN CHURCH","4909 S IRONWOOD DR","SOUTH BEND","IN","46614","(574) 291-4909"
"299","TARKINGTON TRADITIONAL SCHOOL","3414 HEPLER ST","SOUTH BEND","IN","46635","(574) 243-7217"
"303","MC DONALD'S 493","416 N MICHIGAN ST","SOUTH BEND","IN","46601","(574) 400-0775"
"304","WASHINGTON HIGH SCHOOL","4747 W WASHINGTON ST","SOUTH BEND","IN","46624","(574) 283-7220"
"305","NEW CHINA RESTAURANT","920 ERSKINE PLZ","SOUTH BEND","IN","46614","(574) 291-9324"
"309","BRUNO'S PIZZA","2202 MISHAWAKA AVE","SOUTH BEND","IN","46615","(574) 968-0350"
"310","KROGER J-901","4526 W WESTERN AVE","SOUTH BEND","IN","46619","(574) 288-0471"
"311","VOLCANO RESTAURANT","3700 LINCOLN WAY W","SOUTH BEND","IN","46601","(574) 287-5775"
"312","KENNEDY WATER PARK CONC.","2700 WESTMOOR ST","SOUTH BEND","IN","46624","(574) 235-9407"
"313","EL RANCHITO","1923 PRAIRIE AVE","SOUTH BEND","IN","46613","(574) 288-3930"
"316","STUDEBAKER GOLF COURSE","718 E CALVERT ST","SOUTH BEND","IN","46613","(574) 287-6634"
"320","TASTE OF MEXICO","2637 W WESTERN AVE","SOUTH BEND","IN","46619","(574) 232-8960"
"321","JOVI'S LOUNGE","1905 MIAMI ST","SOUTH BEND","IN","46614","(574) 289-3770"
"322","FRANKIE'S BBQ","1621 W WASHINGTON ST","SOUTH BEND","IN","46628-2159","(574) 287-8993"
"323","TAPASTRIE LLC","103 W COLFAX AVE","SOUTH BEND","IN","46601","(574) 232-9200"
"326","ALLIE'S CAFE & CATERING","2323 MISHAWAKA AVE","SOUTH BEND","IN","46615","(574) 232-9520"
"327","BROADWAY CHRISTIAN PARISH","1412 CARROLL ST","SOUTH BEND","IN","46613","(574) 289-0333"
"330","7-ELEVEN","333 S LOGAN ST","SOUTH BEND","IN","46601","(574) 232-8916"
"331","ARMY & NAVY UNION #146","1121 W WESTERN AVE","SOUTH BEND","IN","46601","(574) 287-3815"
"334","CENTER FOR THE HOMELESS","813 S MICHIGAN ST","SOUTH BEND","IN","46601-3102","(574) 282-8700"
"337","SPEEDWAY #5153","2150 SOUTH BEND AVE","SOUTH BEND","IN","46637","(574) 277-2071"
"338","ANTONIO'S PLACE","1314 W WESTERN AVE","SOUTH BEND","IN","46619","(574) 289-0068"
"339","SPEEDWAY #5487","2075 E IRELAND RD","SOUTH BEND","IN","46614","(574) 291-5436"
"341","SPEEDWAY #6674/SUBWAY #6628","6161 W BRICK RD","SOUTH BEND","IN","46628","(574) 277-4206"
"345","KRIS'S KOUNTRY KITCHEN","2210 2212 MIAMI ST","SOUTH BEND","IN","46613","(574) 251-0377"
"347","JORDAN FISH AND CHICKEN INC","1107 LINCOLN WAY W","SOUTH BEND","IN","46616","(574) 386-6157"
"349","SPEEDWAY #5548","1449 MISHAWAKA AVE","SOUTH BEND","IN","46615","(574) 233-7421"
"355","ONE STOP SHOP","3529 W WESTERN AVE","SOUTH BEND","IN","46619","(574) 234-7870"
"356","ARBY'S ROAST BEEF #877","4615 MIAMI ST","SOUTH BEND","IN","46614","(574) 291-1208"
"361","MARTIN'S SUPER MARKETS #10","2081 SOUTH BEND AVE","SOUTH BEND","IN","46637","(574) 272-6922"
"362","MITCH'S CORNER SPORTS BAR","1516 N IRONWOOD DR","SOUTH BEND","IN","46635","(574) 855-2365"
"366","FINNIES NEXT DOOR","233 S MAIN ST","SOUTH BEND","IN","46601-2111","(574) 404-6100"
"369","HAMILTON TRADITIONAL SCHOOL","1530 E JACKSON RD","SOUTH BEND","IN","46614","(574) 231-5689"
"370","MCKINLEY PRIMARY SCHOOL","228 N GREENLAWN AVE","SOUTH BEND","IN","46624","(574) 283-8576"
"371","CROOKED EWE BREWERY & ALE HOUS","1047 LINCOLN WAY E","SOUTH BEND","IN","46601","(574) 217-0881"
"373","MUESSEL PRIMARY SCHOOL","1021 BLAINE AVE","SOUTH BEND","IN","46616","(574) 283-7809"
"375","ALWAYS OPEN","1401 N BENDIX DR","SOUTH BEND","IN","46628","(574) 233-6429"
"381","TACO BELL / PIZZA HUT #5393","221 W LASALLE AVE","SOUTH BEND","IN","46601","(574) 233-3431"
"384","PEDDLER'S PUB","904 E IRELAND RD","SOUTH BEND","IN","46614","(574) 291-9192"
"385","ELOTES Y MAS","1343 DUNHAM ST","SOUTH BEND","IN","46619","(574) 233-0109"
"387","SUPER MERCADO ROSALES","1518 S MICHIGAN ST","SOUTH BEND","IN","46613","(574) 234-5587"
"388","ELKS LODGE #235","3535 MCKINLEY AVE","SOUTH BEND","IN","46615","(574) 233-1139"
"393","SAINT MARY PARISH PNCC","1601 W SAMPLE ST","SOUTH BEND","IN","46619","(574) 233-1961"
"397","PIZZA HUT - DONT USE","209 E IRELAND RD","SOUTH BEND","IN","46614","(574) 291-9400"
"398","PIZZA HUT - DONT USE","1129 N BENDIX DR","SOUTH BEND","IN","46628","(574) 232-2800"
"399","THE PHILADELPHIA","2123 EDISON RD","SOUTH BEND","IN","46637","(574) 287-3255"
"400","PIZZA HUT - DONT USE","2017 SOUTH BEND AVE","SOUTH BEND","IN","46637","(574) 273-9944"
"401","TOM'S RESTAURANT","131 S LAFAYETTE BLVD","SOUTH BEND","IN","46601","(574) 237-9401"
"402","QUIZNOS SUB","131 S MICHIGAN ST","SOUTH BEND","IN","46601","(574) 256-6712"
"407","THE PORTAGE GRILL, LLC","1519 PORTAGE AVE","SOUTH BEND","IN","46617","(574) 288-2867"
"408","DOMINIC'S PIZZERIA","1640 SOUTH BEND AVE","SOUTH BEND","IN","46617","(574) 289-0626"
"409","LONNIE'S 23 INN","1989 PRAIRIE AVE","SOUTH BEND","IN","46613","(574) 251-0282"
"410","SILVER TOWER SEAFOOD HOUSE","1536 LINCOLN WAY W","SOUTH BEND","IN","46628-2420","(574) 233-0304"
"411","SMOKIN ADDIES","501 LINCOLN WAY W","SOUTH BEND","IN","46601","(574) 287-4464"
"413","ERSKINE GOLF COURSE","4201 MIAMI ST","SOUTH BEND","IN","46614","(574) 291-5587"
"414","P & G FAMILY RESTAURANT","2335 PRAIRIE AVE","SOUTH BEND","IN","46614","(574) 288-7792"
"417","TAPHOUSE ON THE EDGE","1803 SOUTH BEND AVE","SOUTH BEND","IN","46637-5637","(574) 247-9293"
"418","SOUTH BEND QUARTET CHAPTER","2722 W WESTERN AVE","SOUTH BEND","IN","46619","(574) 288-7523"
"419","MARINE CORPS LEAGUE","539 PARRY ST","SOUTH BEND","IN","46617","(574) 233-0253"
"421","THAT CHEESECAKE PLACE","3612 W WESTERN AVE","SOUTH BEND","IN","46619","(574) 288-4168"
"423","UGLY MUGS CAFE & CULTURE","102 N MAIN ST","SOUTH BEND","IN","46601","(574) 863-0352"
"425","MASTERPIECE CREATIONS/BISTRO","211 N MICHIGAN ST","SOUTH BEND","IN","46601","(574) 235-5583"
"435","KELLY'S PUB","1150 MISHAWAKA AVE","SOUTH BEND","IN","46615","(574) 287-7379"
"440","SAINT JOSEPH CATHOLIC HIGH SCH","453 N NOTRE DAME AVE","SOUTH BEND","IN","46617","(574) 233-6137"
"441","MURPHY'S BACKYARD PUB","3601 MISHAWAKA AVE","SOUTH BEND","IN","46615","(574) 233-5968"
"444","STARZ BAR","1505 KENDALL ST","SOUTH BEND","IN","46613","(574) 288-7827"
"446","SOUTH BEND CHOCOLATE CO","615 N MICHIGAN ST","SOUTH BEND","IN","46601","(574) 233-2577"
"449","SAINT ADALBERT CATHOLIC CHURCH","519 S OLIVE ST","SOUTH BEND","IN","46619","(574) 288-5708"
"450","CHINA GARDEN RESTAURANT, INC","900 E IRELAND RD","SOUTH BEND","IN","46614","(574) 291-7373"
"452","STUDEBAKER NATIONAL MUSEUM INC","201 CHAPIN ST","SOUTH BEND","IN","46601","(574) 235-9714"
"455","RON'S MCKINLEY MARATHON","2124 MCKINLEY AVE","SOUTH BEND","IN","46615","(574) 234-9565"
"459","CAMBODIAN THAI RESTAURANT - DO","229 S MICHIGAN ST","SOUTH BEND","IN","46601","(574) 289-2877"
"460","CHICORY CAFE CO. - DO NOT USE","105 E JEFFERSON BLVD","SOUTH BEND","IN","46601","(574) 234-1141"
"461","MARTIN'S SUPER MARKETS #1","1302 ELWOOD AVE","SOUTH BEND","IN","46680","(574) 233-8229"
"462","MARTIN'S SUPER MARKETS #8","4401 W WESTERN AVE","SOUTH BEND","IN","46619","(574) 288-4854"
"463","WENDY'S #562","3401 LINCOLN WAY W","SOUTH BEND","IN","46628","(574) 287-6644"
"464","EMMAUS LUTHERAN CHURCH","929 MILTON ST","SOUTH BEND","IN","46613","(574) 287-4151"
"468","RUM VILLAGE INN","2209 KEMBLE AVE","SOUTH BEND","IN","46613","(574) 288-1773"
"470","PENN STATION EAST COAST SUBS","2202 SOUTH BEND AVE","SOUTH BEND","IN","46637","(574) 855-2432"
"472","HUNGRY HOWIE'S PIZZA","2035 E IRELAND RD","SOUTH BEND","IN","46614","(574) 231-1100"
"473","CHIPPEWA BOWL","225 W CHIPPEWA AVE","SOUTH BEND","IN","46614","(574) 291-5093"
"474","MINDY'S DOWNTOWN GRILL","120 W LASALLE AVE","SOUTH BEND","IN","46601","(574) 237-0819"
"475","FALAFEL EXPRESS","1809 SOUTH BEND AVE","SOUTH BEND","IN","46637-5637","(574) 514-1228"
"476","CEDAR HOUSE RESTAURANT","808 E COLFAX AVE","SOUTH BEND","IN","46617","(574) 287-8744"
"477","EXTREME FAMILY GRUB AND PUB","2206 2208 MISHAWAKA AVE","SOUTH BEND","IN","46615","(574) 289-4888"
"480","J & R LINCOLNWAY GRILL","1003 LINCOLN WAY W","SOUTH BEND","IN","46616-1147","(574) 233-7814"
"482","ROZELL ROYAL RIBS","313 CHAPIN ST","SOUTH BEND","IN","46601","(574) 234-6980"
"483","FRENCHIES","230 S MICHIGAN ST","SOUTH BEND","IN","46601","(574) 215-8897"
"485","PIZZA HUT","3697 PORTAGE AVE","SOUTH BEND","IN","46628","(574) 273-0678"
"486","EL PARAISO","425 S MAIN ST","SOUTH BEND","IN","46601","(574) 234-1546"
"489","BAMBER SUPERETTE","1145 MISHAWAKA AVE","SOUTH BEND","IN","46615","(574) 287-1871"
"491","TURNERS OF MICHIANA LLC","2720 MISHAWAKA AVE","SOUTH BEND","IN","46615","(574) 289-4335"
"492","CALVARY BAPTIST CHURCH","3001 W CLEVELAND RD","SOUTH BEND","IN","46628","(574) 272-8334"
"494","BELL-MART BP","3627 MCKINLEY AVE","SOUTH BEND","IN","46615","(574) 287-9926"
"499","POP'S PLACE INC","2035 S MICHIGAN ST","SOUTH BEND","IN","46613-2326","(574) 286-6115"
"500","LUIGI'S PIZZA, INC","3620 MISHAWAKA AVE","SOUTH BEND","IN","46615","(574) 282-1215"
"502","SUNRISE BAR & GRILL","3101 LINCOLN WAY W","SOUTH BEND","IN","46628-1947","(574) 234-3034"
"504","SAINT HEDWIG MEMORIAL CENTER","331 S SCOTT ST","SOUTH BEND","IN","46601","(574) 287-8935"
"505","RINCON HUASTECO","2702 W WESTERN AVE","SOUTH BEND","IN","46619","(574) 855-1903"
"508","WAL-MART SUPERCENTER #3436","700 W IRELAND RD","SOUTH BEND","IN","46614","(574) 299-1284"
"509","O'SULLIVAN'S CROSSING","235 S MICHIGAN ST","SOUTH BEND","IN","46601","(574) 289-3333"
"511","GOSPEL CENTER MISSIONARY CHURC","930 S 30TH ST","SOUTH BEND","IN","46615","(574) 232-4477"
"512","JULIO'S PIZZA","2509 S MICHIGAN ST","SOUTH BEND","IN","46601","(574) 287-1034"
"513","MC ALISTER'S DELI","1130 E ANGELA BLVD","SOUTH BEND","IN","46613","(574) 232-8560"
"515","LA CENTRAL BAKERY","3021 W WESTERN AVE","SOUTH BEND","IN","46619","(574) 289-2550"
"516","HONEY BAKED HAM CO & CAFE","2307 EDISON RD","SOUTH BEND","IN","46615","(574) 288-4267"
"518","FIRST PRESBYTERIAN CHURCH","333 W COLFAX AVE","SOUTH BEND","IN","46601","(574) 234-4159"
"520","TIPPECANOE PLACE RESTAURANT","620 W WASHINGTON ST","SOUTH BEND","IN","46601","(574) 234-9077"
"521","222 ITALIAN STEAKHOUSE","222 S MICHIGAN ST","SOUTH BEND","IN","46601","(574) 232-0222"
"522","LODDY'S","814 S WALNUT ST","SOUTH BEND","IN","46619","(574) 237-1094"
"523","FIDDLER'S HEARTH, INC","127 N MAIN ST","SOUTH BEND","IN","46601","(574) 232-2853"
"524","CITY LIMITS LOUNGE","1807 S IRONWOOD DR","SOUTH BEND","IN","46614","(574) 288-3636"
"527","CHINA HOUSE","2222 MISHAWAKA AVE","SOUTH BEND","IN","46615","(574) 232-9828"
"532","BENDIX RESTAURANT","1529 MIAMI ST","SOUTH BEND","IN","46613","(574) 232-7688"
"533","ANCHOR INN","2224 W WESTERN AVE","SOUTH BEND","IN","46619","(574) 237-9147"
"536","EDISON INTERMEDIATE SCHOOL","2701 EISENHOWER AVE","SOUTH BEND","IN","46615","(574) 283-8948"
"540","CENTERPLATE / V.S.A., INC","120 S SAINT JOSEPH ST","SOUTH BEND","IN","46601","(574) 235-9151"
"541","LITTLE CAESARS PIZZA","1225 E IRELAND RD","SOUTH BEND","IN","46614","(574) 299-0300"
"545","R.K. CITY FOOD MART","301 N LAFAYETTE BLVD","SOUTH BEND","IN","46601","(574) 287-5754"
"548","STEAK N SHAKE","1315 E IRELAND RD","SOUTH BEND","IN","46614","(574) 299-9936"
"549","PIZZA HUT","3624 MCKINLEY AVE","SOUTH BEND","IN","46615","(506) 328-4631"
"550","TAQUERIA CHICAGO","2920 W WESTERN AVE","SOUTH BEND","IN","46619","(574) 234-6775"
"551","NUNER PRIMARY SCHOOL","2716 PLEASANT ST","SOUTH BEND","IN","46615","(574) 283-7855"
"555","CJ'S PUB  -  CLOSED","417 N MICHIGAN ST","NEW CARLISLE","IN","46552","(574) 233-5981"
"562","LET'S SPOON FROZEN YOGURT","1635 EDISON RD","SOUTH BEND","IN","46637","(574) 904-9240"
"564","THE SALVATION ARMY","510 S MAIN ST","SOUTH BEND","IN","46601","(574) 288-2539"
"565","IVY COURT INN & SUITES","1404 IVY CT","SOUTH BEND","IN","46637","(574) 277-6500"
"568","MARYCREST MARATHON","2306 W WESTERN AVE","SOUTH BEND","IN","46619","(574) 233-8375"
"569","XAVIER SCHOOL OF EXCELLENCE","3423 S MICHIGAN ST","SOUTH BEND","IN","46614","(574) 231-6602"
"571","STARLITE PIZZA","932 E IRELAND RD","SOUTH BEND","IN","46614","(574) 291-5757"
"576","JIMMY JOHN'S GOURMET SANDWICH","138 S MICHIGAN ST","SOUTH BEND","IN","46601","(574) 246-1020"
"578","BLACKTHORN GOLF CLUB","6100 NIMTZ PKWY","SOUTH BEND","IN","46628-6111","(574) 232-4653"
"581","ICE CREAM SHOPPE","315 CHAPIN ST","SOUTH BEND","IN","46614","(574) 514-0146"
"582","SAINT PATRICK PARISH","309 S TAYLOR ST","SOUTH BEND","IN","46601","(574) 287-8932"
"589","SOUTH BEND FIREFIGHTERS LOCAL","4025 LINCOLN WAY W","SOUTH BEND","IN","46628","(574) 232-3473"
"591","Y.W.C.A. OF ST JOSEPH CO","1102 FELLOWS ST","SOUTH BEND","IN","46601","(574) 233-9491"
"596","MATTHYS LITTLE LEAGUE","4700 MEADOW LN","SOUTH BEND","IN","46619","(574) 289-5228"
"597","APPLEBEE'S NEIGHBORHOOD BAR &","1150 E IRELAND RD","SOUTH BEND","IN","46614","(574) 277-2640"
"600","THE COFFEE SPOT","3201 SUGAR MAPLE BUSINESS CT","SOUTH BEND","IN","46628","(574) 288-0398"
"604","WISEGUYS","3421 W SAMPLE ST","SOUTH BEND","IN","46619","(574) 234-2670"
"607","THE TASTE OF CHICAGO","917 LINCOLN WAY W","SOUTH BEND","IN","46616-1126","(574) 520-8969"
"615","LONG JOHN SILVER'S #42","920 E IRELAND RD","SOUTH BEND","IN","46614","(574) 291-1220"
"616","SOUTH BEND SCOTTISH RITE","427 N MAIN ST","SOUTH BEND","IN","46601","(574) 233-3158"
"633","BOYS & GIRLS CLUB OF ST JOSEPH","502 E SAMPLE ST","SOUTH BEND","IN","46601","(574) 232-2048"
"636","MCKINLEY PUB","2930 MCKINLEY AVE","SOUTH BEND","IN","46615","(574) 234-2616"
"639","CUSHING MANOR BED & BREAKFAST","508 W WASHINGTON ST","SOUTH BEND","IN","46601","(574) 288-1990"
"642","BLUE HERON, INC","5440 NIMTZ PKWY","SOUTH BEND","IN","46628-6115","(574) 233-3091"
"644","OLIVE EXPO","2324 ELWOOD AVE","SOUTH BEND","IN","46628","(574) 310-9068"
"655","SUBWAY OF SOUTH BEND VIII","837 S IRONWOOD DR","SOUTH BEND","IN","46615","(574) 233-0300"
"656","MADISON OYSTER BAR","129 N MAIN ST","SOUTH BEND","IN","46601","(574) 288-3776"
"666","KFS CATERING","3207 HIGH ST","SOUTH BEND","IN","46614","(574) 231-5168"
"671","SPEEDWAY #8531","2702 MISHAWAKA AVE","SOUTH BEND","IN","46615","(574) 282-2402"
"672","LINCOLN PRIMARY SCHOOL","1425 E CALVERT ST","SOUTH BEND","IN","46613","(574) 283-8988"
"675","MCCLURE OIL #54","5913 US 31 S","SOUTH BEND","IN","46614","(765) 674-9771"
"678","MCCLURE OIL #51","6220 US 31 S","SOUTH BEND","IN","46615","(765) 674-9771"
"683","TAIWAN HANLUNG INC / DBA CRE-A","1639 N IRONWOOD DR","SOUTH BEND","IN","46637","(574) 247-3000"
"684","SAINT PAUL BETHEL BAPTIST CHUR","621 LINDSEY ST","SOUTH BEND","IN","46616","(574) 288-6667"
"687","DAIRY QUEEN","4206 W WESTERN AVE","SOUTH BEND","IN","46619","(574) 288-1100"
"692","GABY'S ICE CREAM SHOP","1708 S MICHIGAN ST","SOUTH BEND","IN","46613","(574) 383-5034"
"695","CAFE 211","211 N EDDY ST","SOUTH BEND","IN","46617","(574) 299-9126"
"696","EWING CAFE","111 W EWING AVE","SOUTH BEND","IN","46613","(574) 237-9404"
"698","CATHEDRAL OF ST JAMES","117 N LAFAYETTE BLVD","SOUTH BEND","IN","46601","(574) 232-4837"
"703","UNIVERSITY MARATHON SOUTH","111 E IRELAND RD","SOUTH BEND","IN","46614","(574) 291-3283"
"705","J & J CANDY","1416 1420 FASSNACHT AVE","SOUTH BEND","IN","46628","(574) 855-1927"
"706","SKINNY'S CONEY CONCESSIONS","0 OUTSIDE CITY LIMITS","SOUTH BEND","IN","46601","(574) 210-6058"
"707","DEW DROP INN","822 S LAFAYETTE BLVD",NA,NA,"46618","(574) 289-9829"
"709","SAM'S FOOD MARKET","1336 LINCOLN WAY W","SOUTH BEND","IN","46628","(574) 289-8957"
"710","MC CORMICK'S","125 N MICHIGAN ST","SOUTH BEND","IN","46601","(574) 289-8031"
"711","PANERA BREAD","1290 E IRELAND RD BLDG","SOUTH BEND","IN","46614","(574) 231-4932"
"717","CIAO'S LOUNGE","119 N MICHIGAN ST","SOUTH BEND","IN","46601","(574) 289-2426"
"718","STUDIO RUMBA 305","1116 S MAIN ST","SOUTH BEND","IN","46619","(574) 217-6507"
"719","CHICO'S MEXICAN RESTAURANT","2418 W WESTERN AVE","SOUTH BEND","IN","46619","(574) 237-9198"
"722","SAMUEL MANCINO'S","910 ERSKINE PLZ","SOUTH BEND","IN","46614","(574) 231-9940"
"725","NAVARRE AT THE WOODWARD","111 WOODWARD CT","SOUTH BEND","IN","46601","(574) 288-4420"
"736","WINGS, ETC","2051 E IRELAND RD","SOUTH BEND","IN","46614-2908","(574) 291-0077"
"741","PILGRIM BAPTIST CHURCH","116 BIRDSELL ST","SOUTH BEND","IN","46628","(574) 234-6698"
"744","DOCKSIDE","1835 LINCOLN WAY E","SOUTH BEND","IN","46613","(574) 400-0848"
"746","COMFORT SUITES","6225 US 31 S","SOUTH BEND","IN","46637","(574) 291-3100"
"748","JUAN CAMANEY","618 PULASKI ST","SOUTH BEND","IN","46619","(574) 303-0446"
"770","HACIENDA MEXICAN RESTAURANT","3903 PORTAGE AVE","SOUTH BEND","IN","46628","(574) 273-3843"
"771","OH MAMMA'S ON THE AVENUE","1212 BEYER AVE","SOUTH BEND","IN","46615-1110","(574) 276-6918"
"775","THE CELLAR DOOR","213 W WASHINGTON ST","SOUTH BEND","IN","46601","(574) 323-2120"
"777","LULA'S CAFE","1631 EDISON RD","SOUTH BEND","IN","46637","(574) 273-6216"
"778","TEXAS ROADHOUSE","4635 S MICHIGAN ST","SOUTH BEND","IN","46614","(574) 291-7427"
"779","ELVA'S FIESTA CLUB","1024 W INDIANA AVE","SOUTH BEND","IN","46613","(574) 287-9203"
"781","LOGAN'S ROADHOUSE","1320 E IRELAND RD","SOUTH BEND","IN","46614","(574) 231-9644"
"788","MC DONALD'S 574","2001 S MICHIGAN ST","SOUTH BEND","IN","46613","(574) 400-0775"
"795","HENSELL'S OAKEN BUCKET","1212 S IRONWOOD DR","SOUTH BEND","IN","46615","(574) 289-1616"
"796","KING GYROS OF LINCOLNWAY WEST","3417 LINCOLN WAY W","SOUTH BEND","IN","46628","(574) 232-8901"
"797","LOS AMIGOS","643 LA PORTE AVE","SOUTH BEND","IN","46628","(574) 323-7720"
"798","TARGET STORE T-1902","1400 E IRELAND RD","SOUTH BEND","IN","46614","(574) 299-1402"
"799","HIGHER GROUNDS","109 W WASHINGTON ST","SOUTH BEND","IN","46601","(574) 282-2522"
"812","MISTI'S DOWN UNDER","205 W JEFFERSON BLVD","SOUTH BEND","IN","46601","(574) 234-4752"
"817","HIBACHI GRILL BUFFET","4502 S MICHIGAN ST","SOUTH BEND","IN","46614","(574) 291-8888"
"823","OSCAR'S BILLIARD CLUB","1902 SOUTH BEND AVE","SOUTH BEND","IN","46617","(574) 277-6651"
"831","AIR HOST COFFEE SHOP-DONT USE","4467 TERMINAL DR","SOUTH BEND","IN","46628","(574) 289-8786"
"837","INNISFREE BED & BREAKFAST","702 W COLFAX AVE","SOUTH BEND","IN","46601","(574) 283-0740"
"838","7-ELEVEN #30171","4106 LINCOLN WAY W","SOUTH BEND","IN","46628","(574) 233-1621"
"841","ENGLISH ROSE INN - DO NOT USE","116 S TAYLOR ST","SOUTH BEND","IN","46601","(574) 289-2114"
"846","TACO BELL-DON'T USE","5131 W WESTERN AVE","SOUTH BEND","IN","46619","(574) 472-0135"
"849","CIAO'S","707 CEDAR ST","SOUTH BEND","IN","46617","(574) 289-2426"
"855","SIAM THAI RESTAURANT","211 N MAIN ST","SOUTH BEND","IN","46601","(574) 232-4445"
"859","LASALLE INTERMEDIATE ACADEMY","2701 ELWOOD AVE","SOUTH BEND","IN","46601","(574) 283-7517"
"860","KING GYROS EXPRESS","2717 S MICHIGAN ST","SOUTH BEND","IN","46614","(574) 231-8983"
"864","CINCO 5","112 W COLFAX AVE","SOUTH BEND","IN","46601","(574) 520-9613"
"865","OSBORN'S MINI MART #3","6301 US 31 S","SOUTH BEND","IN","46614","(574) 299-1698"
"867","HARRISON PRIMARY SCHOOL","3302 W WESTERN AVE","SOUTH BEND","IN","46624","(574) 283-7308"
"868","SUNSHINE ICE CREAM","605 LINCOLN WAY W","OSCEOLA","IN","46561","(574) 323-5818"
"869","TACO BELL #2160 - DON'T USE","3208 LINCOLN WAY W","SOUTH BEND","IN","46628-1451","(574) 234-2349"
"881","LINEBACKER LOUNGE","1631 SOUTH BEND AVE","SOUTH BEND","IN","46617","(574) 289-0186"
"893","AMVETS POST #66","1606 W WESTERN AVE","SOUTH BEND","IN","46619","(574) 286-0487"
"901","SONIC RESTAURANTS, INC","3906 PORTAGE AVE","SOUTH BEND","IN","46628","(574) 273-9340"
"904","SUNRISE CAFE","1805 LINCOLN WAY W","SOUTH BEND","IN","46628","(574) 232-2323"
"915","CREST MANOR CHURCH OF BRETHREN","1342 BERKSHIRE DR","SOUTH BEND","IN","46614","(574) 291-3748"
"920","TEMPLE BETH-EL","305 W MADISON ST","SOUTH BEND","IN","46601","(574) 234-4402"
"926","FIRST UNITARIAN CHURCH","101 E NORTH SHORE DR","SOUTH BEND","IN","46617-1213","(574) 234-6588"
"942","DOUBLE T'S BBQ","415 N HICKORY RD","SOUTH BEND","IN","46615","(574) 251-9500"
"951","JERSEY MIKE'S SUBS","111 S SAINT JOSEPH ST","SOUTH BEND","IN","46601","(574) 246-0136"
"953","CIAO'S ITALIAN BAKERY","123 N MICHIGAN ST","SOUTH BEND","IN","46601","(574) 289-2426"
"966","TRIO'S RESTAURANT & JAZZ CLUB","129 N MICHIGAN ST","SOUTH BEND","IN","46601","(574) 288-8746"
"974","SUMMER SONG, INC","56565 PINE RD","SOUTH BEND","IN","46619","(574) 233-0010"
"986","VICKIE'S","112 W MONROE ST","SOUTH BEND","IN","46601","(574) 232-4090"
"1002","CHICAGO ICE CREAM & MORE","2517 W WESTERN AVE","SOUTH BEND","IN","46619","(574) 234-0166"
"1006","CHARLIE'S","2334 PRAIRIE AVE","SOUTH BEND","IN","46614","(574) 289-0448"
"1010","LITTLE LINDA'S CAFE","3307 W SAMPLE ST","SOUTH BEND","IN","46619","(000) 000-0000"
"1027","CHUCK'S TAVERN","1201 W SAMPLE ST","SOUTH BEND","IN","46619","(574) 289-9457"
"1030","SEAHORSE II CABARET","1902 W WESTERN AVE","SOUTH BEND","IN","46619","(574) 237-9139"
"1040","LITTLE JIMMY'S ICE CREAM","217 E 6TH ST","MISHAWAKA","IN","46544","(574) 532-5867"
"1041","CLUB 23","744 N NOTRE DAME AVE","SOUTH BEND","IN","46615","(574) 234-4015"
"1062","ST JOSEPH CATHOLIC CHURCH","211 N HILL ST","SOUTH BEND","IN","46617","(574) 234-3134"
"1066","TACO BELL-DON'T USE","6225 W BRICK RD","SOUTH BEND","IN","46628","(574) 247-1700"
"1071","APOSTOLIC TEMPLE CHURCH","2221 S IRONWOOD DR","SOUTH BEND","IN","46613","(574) 289-3150"
"1072","FIRST CHRISTIAN CHURCH","1101 E JEFFERSON BLVD","SOUTH BEND","IN","46617","(574) 289-2417"
"1082","FAITH APOSTOLIC TEMPLE, INC","911 N BENDIX DR","SOUTH BEND","IN","46628","(574) 288-3515"
"1094","FRANKIE'S BBQ","1132 SOUTH BEND AVE","SOUTH BEND","IN","46617","(574) 232-4038"
"1095","RESIDENCE INN","716 N NILES AVE","SOUTH BEND","IN","46617","(574) 289-5555"
"1101","HOT DOGGIN","111 S MICHIGAN ST HOT","SOUTH BEND","IN","46601","(574) 220-2411"
"1102","ICE BOX","1421 S WALNUT ST","SOUTH BEND","IN","46619","(574) 288-3300"
"1109","MILO'S PIZZERIA","910 E IRELAND RD","SOUTH BEND","IN","46614","(574) 299-9380"
"1110","NAVARRE INTERMEDIATE SCHOOL","4702 FORD ST","SOUTH BEND","IN","46619","(574) 283-7355"
"1111","SUPER MERCADO ROSALES","620 S MEADE ST","SOUTH BEND","IN","46619","(574) 288-0536"
"1127","THE LOCAL CUP","1009 PORTAGE AVE","SOUTH BEND","IN","46616","(574) 232-9182"
"1133","CANTEEN SERVICES / SBT","225 W COLFAX AVE","SOUTH BEND","IN","46601","(800) 234-7650"
"1155","CONGO CAFE","500 S GREENLAWN AVE","SOUTH BEND","IN","46615","(574) 235-5614"
"1156","SMOKE SHOP MINI MART","1712 LINCOLN WAY E","SOUTH BEND","IN","46613","(574) 232-2535"
"1172","STATE THEATRE","214 1/2 S MICHIGAN ST","SOUTH BEND","IN","46601","(574) 303-8820"
"1189","Z.B. FALCON NEST 80","323 S SHERIDAN ST","SOUTH BEND","IN","46619","(574) 288-3335"
"1196","THE SKILLET RESTAURANT","2212 MCKINLEY AVE","SOUTH BEND","IN","46615","(574) 234-6069"
"1197","MACRI'S ITALIAN KITCHEN","315 W IRELAND RD","SOUTH BEND","IN","46614","(574) 231-0200"
"1226","FOUR HORSEMEN BREWING COMPANY,","710 FELLOWS ST","SOUTH BEND","IN","46624","(574) 387-5772"
"1236","AMERICAN MULTI-CINEMA, INC.","450 W CHIPPEWA AVE","SOUTH BEND","IN","46614","(574) 299-6060"
"1241","KROC COMMUNITY CENTER","900 W WESTERN AVE","SOUTH BEND","IN","46601","(574) 233-9471"
"1258","SAINT AUGUSTINE SOUP KITCHEN","1501 W WASHINGTON ST","SOUTH BEND","IN","46628","(574) 234-6334"
"1260","CULVER'S OF SOUTH BEND","4402 S MICHIGAN ST","SOUTH BEND","IN","46614","(574) 299-9130"
"1265","AMERICAN LEGION POST 50","1633 N BENDIX DR","SOUTH BEND","IN","46628","(574) 287-2696"
"1266","TAQUERIA EL AGUILA","2208 W WESTERN AVE","SOUTH BEND","IN","46619","(574) 287-1537"
"1271","THE BRICK LLC","1145 NORTHSIDE BLVD","SOUTH BEND","IN","46615","(574) 485-1513"
"1305","KILWIN'S CHOCOLATES & ICE CREA","1044 E ANGELA BLVD","SOUTH BEND","IN","46617","(574) 234-1212"
"1315","GIRASOL CARRY OUT","525 N EDDY ST","SOUTH BEND","IN","46617","(574) 251-0073"
"1316","THE BLARNEY STONE","113 E WAYNE ST","SOUTH BEND","IN","46601","(574) 283-0452"
"1319","MULLIGANS BAR & GRILL","1705 SOUTH BEND AVE","SOUTH BEND","IN","46637","(574) 277-5666"
"1326","SAINT JOSEPH YOUNG MEN'S SOCIE","408 S GRANT ST","SOUTH BEND","IN","46619","(574) 288-3121"
"1328","IRENE'S MARKET","2712 W WESTERN AVE","SOUTH BEND","IN","46619","(574) 237-1707"
"1355","STUDEBAGELS","1801 SOUTH BEND AVE","SOUTH BEND","IN","46637","(574) 277-4440"
"1357","MURPHY USA #7430","620 W IRELAND RD","SOUTH BEND","IN","46614","(870) 875-7699"
"1391","BEACON BOWL RESTAURANT","4210 LINCOLN WAY W","SOUTH BEND","IN","46628","(574) 234-4167"
"1400","CHICK-FIL-A","4555 S MICHIGAN ST","SOUTH BEND","IN","46614","(574) 968-0351"
"1432","EVANGEL HTS. UNITED METH. CHUR","114 N IRONWOOD DR","SOUTH BEND","IN","46615","(574) 234-8379"
"1460","NEVERIA TRES MANGOS DE MICHOCC","2518 W WESTERN AVE","SOUTH BEND","IN","46619","(574) 217-8967"
"1470","ALEXANDER'S GRILL, INC.","1841 SOUTH BEND AVE","SOUTH BEND","IN","46637-5637","(574) 247-1780"
"1489","JOE'S TAVERN","1201 DUNHAM ST","SOUTH BEND","IN","46619","(574) 237-9182"
"1502","V.F.W. POST 9820","4829 LINDEN AVE","SOUTH BEND","IN","46619","(574) 237-9820"
"1518","NORTHERN INDIANA CENTER FOR HI","808 W WASHINGTON ST","SOUTH BEND","IN","46617","(574) 235-9664"
"1528","LINDEN GRILL & GROCERY","1418 LINDEN AVE","SOUTH BEND","IN","46628","(574) 246-1577"
"1529","ELKS LODGE #298","1001 W WESTERN AVE","SOUTH BEND","IN","46617","(574) 232-2678"
"1532","DAGWOOD'S SANDWICH SHOPPE","420 N NILES AVE","SOUTH BEND","IN","46617","(574) 287-3700"
"1552","BUFFALO WILD WINGS OF SOUTH BE","326 W IRELAND RD","SOUTH BEND","IN","46614","(574) 232-2293"
"1556","POLISH NATIONAL ALLIANCE #83","2401 W WESTERN AVE","SOUTH BEND","IN","46619","(574) 233-0880"
"1571","BON BON'S","1615 MIAMI ST","SOUTH BEND","IN","46613","(574) 232-4492"
"1611","MASTERPIECE CREATIONS/PALAIS","105 W COLFAX AVE","SOUTH BEND","IN","46601","(574) 235-5583"
"1612","QUALITY INN & SUITES","4124 LINCOLN WAY W","SOUTH BEND","IN","46628","(574) 288-3800"
"1634","TANNER AND TANNER","1631 LINDEN AVE","SOUTH BEND","IN","46628","(574) 234-6050"
"1648","MT CARMEL MISSIONARY BAPTIST","137 E INDIANA AVE","SOUTH BEND","IN","46613","(574) 287-1451"
"1655","KFC #181","2019 1/2 SOUTH BEND AVE","SOUTH BEND","IN","46637","(574) 027-3846"
"1691","QUEEN ANNE INN","420 W WASHINGTON ST","SOUTH BEND","IN","46637","(574) 234-5959"
"1692","CIAO'S RESTAURANT","501 N NILES AVE","SOUTH BEND","IN","46617","(574) 289-2426"
"1707","HOWARD PARK GENERAL STORE","609 E JEFFERSON BLVD","SOUTH BEND","IN","46617","(574) 000-0000"
"1729","THE GERMAN CLUB (D.F.V.)","1541 PRAIRIE AVE","SOUTH BEND","IN","46613","(574) 232-2101"
"1744","OLIVE STREET CONVENIENCE STORE","815 N OLIVE ST","SOUTH BEND","IN","46619","(574) 287-6312"
"1767","UNITY CHURCH OF PEACE","905 E COLFAX AVE","SOUTH BEND","IN","46617","(574) 233-8004"
"1837","ROSIE'S KAZBAR","2644 W WESTERN AVE","SOUTH BEND","IN","46619-3126","(574) 288-3725"
"1870","F.O.P. LODGE 36","1530 S MAIN ST","SOUTH BEND","IN","46613","(574) 233-3101"
"1915","FERNANDO'S FAMILY RESTAURANT","1007 N BENDIX DR","SOUTH BEND","IN","46628","(574) 232-2008"
"1919","LITTLE CAESAR","4640 S MICHIGAN ST","SOUTH BEND","IN","46614","(847) 286-1140"
"1931","MAIN STREET PUB","2046 SOUTH BEND AVE","SOUTH BEND","IN","46637","(574) 271-9898"
"1970","SAY ""CHEESECAKE"" BAKERY","213 N MAIN ST","SOUTH BEND","IN","46601","(574) 233-2233"
"2013","RHYTHM","1634 LINCOLN WAY W","SOUTH BEND","IN","46628-2616","(574) 232-6360"
"2022","KJ'S MAIN CAFE, LLC","321 S MAIN ST","SOUTH BEND","IN","46601","(574) 323-7824"
"2145","TOMMY D'S BARBECUE & SEAFOOD","676 LAWNDALE AVE","SOUTH BEND","IN","46628","(574) 288-5799"
"2173","SINAI SYNAGOGUE","1102 E LASALLE AVE","SOUTH BEND","IN","46617","(574) 234-0584"
"2183","CHICK-FIL-A","215 S SAINT JOSEPH ST","SOUTH BEND","IN","46601","(574) 283-8126"
"2279","BOBO'S MAXWELL SUPREME","601 E JEFFERSON BLVD","SOUTH BEND","IN","46614","(773) 818-3408"
"2312","SUBWAY","323 N EDDY ST","SOUTH BEND","IN","46617","(574) 289-2000"
"2331","DUNKIN DONUTS","4336 S MICHIGAN ST","SOUTH BEND","IN","46614","(269) 903-8337"
"2343","1ST STOP CONCESSIONS","3021 PRAST BLVD","SOUTH BEND","IN","46628","(574) 251-1026"
"2421","VIP WOMANS SOUL FOOD CARRY OUT","342 LINCOLN WAY W","SOUTH BEND","IN","46601","(574) 233-3926"
"2428","CALVERT ROD & GUN CLUB","2203 W EWING AVE","SOUTH BEND","IN","46613","(574) 233-6588"
"2440","NO. 1 CHINESE RESTAURANT","301 S MICHIGAN ST","SOUTH BEND","IN","46601","(574) 234-8888"
"2484","SOUTH BANK LOUNGE","1763 LINCOLN WAY E","SOUTH BEND","IN","46613-3420","(574) 232-1980"
"2549","STUDEBAKER PRIMARY SCHOOL","724 E DUBAIL AVE","SOUTH BEND","IN","46613","(574) 283-7607"
"2566","BREAD 4 LIFE BAKERY","1406 E EWING AVE","SOUTH BEND","IN","46614","(574) 968-7001"
"2651","OUR LADY OF THE ROAD","744 S MAIN ST",NA,NA,"46618","(574) 520-7745"
"2656","SAINTS MEMORIAL C.O.G.I.C.","323 LIBERTY ST","SOUTH BEND","IN","46619-2044","(574) 289-5060"
"2661","U CAN PAINT 2 INC","2045 SOUTH BEND AVE","SOUTH BEND","IN","46637-5642","(574) 387-3839"
"2692","PARAMOUNT RESTAURANT","701 S MICHIGAN ST","SOUTH BEND","IN","46601","(574) 234-7372"
"2757","SMILEY DOGS (HOT DOG CART)","56977 MAYFLOWER RD","SOUTH BEND","IN","46619","(574) 287-7492"
"2759","PORTAGE CONVENIENCE STORE","1409 PORTAGE AVE","SOUTH BEND","IN","46616","(574) 204-2589"
"2823","SUCCESS ACADEMY PRIMARY SCHOOL","3408 ARDMORE TRL","SOUTH BEND","IN","46628","(574) 299-9800"
"2860","THE DOWNTOWN SOUP KITCHEN","333 N MAIN ST","SOUTH BEND","IN","46601","(574) 233-9747"
"3069","DEER RUN CHURCH OF CHRIST","2730 S IRONWOOD DR","SOUTH BEND","IN","46614","(574) 289-3338"
"3085","FISH FOR THE SOUL","1525 PORTAGE AVE","SOUTH BEND","IN","46628","(574) 234-7363"
"3091","OLIVE STREET VARIETY STORE","229 N OLIVE ST","SOUTH BEND","IN","46628","(574) 233-9377"
"3093","EXPRESS MART","1702 S MICHIGAN ST","SOUTH BEND","IN","46613","(574) 234-2299"
"3437","PEOPLE OF PRAISE CHURCH","107 S GREENLAWN AVE","SOUTH BEND","IN","46601","(574) 234-5088"
"3563","GREATER FRIENDSHIP BAPT. CH.","206 S FALCON ST","SOUTH BEND","IN","46619","(574) 288-7487"
"3567","GRANDPA'S HOUSE OF PANCAKE","4123 W WESTERN AVE","SOUTH BEND","IN","46619","(574) 220-2215"
"4013","LINDEN GRILL","110 N MAIN ST","SOUTH BEND","IN","46601","(574) 246-0250"
"4108","RADIANT HEARTH PIZZERIA LLC","52177 PICKWICK LN","SOUTH BEND","IN","46637","(574) 360-7142"
"4141","OLIVE FOOD MART INC.","421 N OLIVE ST","SOUTH BEND","IN","46628","(574) 234-3664"
"4167","GOLD'S KOSHER MARKET AND DELI","908 E IRELAND RD","SOUTH BEND","IN","46614","(574) 231-8474"
"4245","QUINCY'S CAFE","1725 N IRONWOOD DR","SOUTH BEND","IN","46637","(574) 273-0159"
"4535","YODER MART EXPRESS #9","1245 E IRELAND RD","SOUTH BEND","IN","46614","(574) 299-0666"
"4602","THE OTHER PLACE","450 S CARLISLE ST","SOUTH BEND","IN","46619","(574) 234-7381"
"4832","HOT DIGGIDY DOG","4035 S MICHIGAN ST","SOUTH BEND","IN","46614","(574) 299-1588"
